String,Dim1,Dim2
Waiter work at the hospital,536,1
hospital,491.9432202244153,0.9257097535182623
Airport,45.43355414357171,-1
Cat,8.970771934568068,0.8086309281705035
Dog,0,0.9697795493370212
