String,Dim1,Dim2
Teacher,529.8998000479468,0.8450274611612014
Student,536,0.7955847374684837
Police,519.7662081702218,0.927137284118708
Thief,510.782748857413,1
Old,10.182653273580536,-0.8584612984033719
Young,11.534553825086759,-0.9256475095722047
small,0,-1
tall,25.52954603590754,-0.9735625639480568
