String,Dim1,Dim2
Semantic similarity analysis,150.58869005964877,0.12921401196799565
Dimensionality reduction technique,107.98691821025122,-0.007920392657836395
Retrieval-augmented generation,536,1
Transformer-based NLP models,352.55033013905353,-0.21773011497344186
Legal precedents impact,0,-0.09946883614603641
Intellectual property rights,382.806110547788,-0.6094130303234049
Data privacy regulations,123.42419179008202,0.038526188395078265
Contractual obligations digital,482.1558103997372,-1
