String,Dim1,Dim2
She is happy,7.565859881873988,0.8280370192842783
She feels joy,0,0.7930576392252895
The cat sleeps,535.8987238866335,-0.8976297264447439
The feline rests,536,-1
I love pizza,10.941479833411078,1
I like pizza,17.929551519680917,0.7195983278408782
