String,Dim1,Dim2
She is happy,111.79741659697054,-0.42318373672083687
She feels joy,0,-1
The cat sleeps,391.10417247467706,-0.1452888281711967
The feline rests,536,0.21778847134147594
I love pizza,34.767029086516125,0.21733172929877864
I like pizza,51.079639438713876,1
