String,Dim1,Dim2
Semantic similarity analysis,0,0.9808579064395502
Dimensionality reduction technique,4.975572655847211,1
Retrieval-augmented generation,536,0.4190498678058876
Transformer-based NLP models,533.6097838218578,0.3942768593513819
Legal precedents impact,231.83156545575883,-1
Intellectual property rights,220.9459568213324,-0.9763640015414804
Data privacy regulations,213.94469277386403,-0.9882646082729868
Contractual obligations digital,222.8223184205091,-0.9310378563184426
