String,Dim1,Dim2
Waiter work at the hospital,54.53000142138085,-1
hospital,224.22800597403327,-0.24102066854617155
Airport,266.18065809009175,0.3618777681630849
Cat,0,0.8394961949528523
Dog,536,1
