String,Dim1,Dim2
Teacher,0,-1
Student,474.7824825006989,-0.9834567000413607
Police,475.25508627010373,-0.5940877626989021
Thief,187.59957590239426,-0.7152979920556262
Old,536,-0.1954409595679759
Young,278.64343624557574,1
small,302.0621502117851,-0.5080302167144005
tall,391.27103740393187,0.5735791042679548
