String,Dim1,Dim2
Waiter work at the hospital,536,-0.4265973055889022
hospital,289.8770223468068,1
Airport,356.99151758764646,-0.8889822595704948
Cat,0,-0.4026377217553688
Dog,272.9224400021156,-1
