String,Dim1,Dim2
Semantic similarity analysis,300.96016285086614,-1
Dimensionality reduction technique,104.04220790429967,1
Retrieval-augmented generation,0,0.17929984779299857
Transformer-based NLP models,41.85196654828898,-0.35159817351598177
Legal precedents impact,26.233168819416882,-0.5837645865043125
Intellectual property rights,415.97738113192463,-0.46690131912734656
Data privacy regulations,536,0.3234652460679859
Contractual obligations digital,77.64875495767659,0.7264332825976663
