,Clustering,Overfitting,Financial Accounting
Business and Finance,0.20199993493720536,0.11232175360260604,0.5689853716146527
Information Technology,0.20755473176078973,0.12410982198626781,0.28338707523182355
Legal and Environmental,0.13094325305814664,0.07479596366392817,0.2916216412319133
