,political,economic,sociological,technological,legal,environmental
government,0.865400147,0.857172943,0.786086543,0.782478164,0.82125271,0.786095956
automation,0.810934604,0.821916414,0.774144012,0.815926792,0.790635749,0.790914936
export duty,0.755224459,0.791332456,0.727511688,0.727604918,0.749508034,0.742448291
demographics,0.821077365,0.827402726,0.836804827,0.798879457,0.767395991,0.810973192
copyright laws,0.78635916,0.772708084,0.759067126,0.754108764,0.836034633,0.743697286
renewable energy,0.781926789,0.812461547,0.760044428,0.801627903,0.766276234,0.819111224
