,framework,shift,pressure,access,impact,regulation,resource,trend,influence,structure,disparity,adaptation,innovation,dynamics,stability
political,0.8161447229766999,0.8019798904647016,0.8385239125517032,0.7992428491620295,0.8404834853648363,0.8186981651202508,0.8047099940041379,0.7972391174624538,0.8011245345711124,0.8211140626614801,0.7746954596892728,0.7932245597689265,0.8077093634260393,0.8179463831915511,0.8056811012784177
economic,0.823940259914604,0.8034919303241873,0.8377387939385159,0.8255198902063594,0.8499890573271097,0.8290704519598413,0.8361373000123284,0.8106256998629366,0.816406164137877,0.8193726788521491,0.7887341107329733,0.812399436177067,0.8255021801195421,0.822682411468311,0.8245404108254552
sociological,0.7823869712213456,0.7758751013283733,0.7875054462024094,0.7747880614895077,0.8048263830037508,0.8012477616888187,0.7733792222217603,0.8035942812281116,0.8119675253343894,0.7747032756432043,0.7803317618253338,0.8001875726107385,0.7915611274847516,0.8130067770913103,0.7910273951624465
technological,0.7811344994471222,0.781243159097163,0.7886686444824177,0.7798181322044153,0.8085473609554397,0.7916584262649602,0.7924486161361677,0.7976118020980576,0.788733131883802,0.7756171932806145,0.7608277934127737,0.793868206023653,0.8614187348148006,0.7871071095649393,0.7780838096410259
legal and environmental,0.7650068925760526,0.7564602562890769,0.7690026913815499,0.7751774433665917,0.7958370181461778,0.792820322348854,0.7966432115044133,0.7505638408506018,0.7591090119807968,0.759199958903591,0.7356357338292976,0.7616712488871928,0.7647343783038979,0.7594906756825727,0.76740057674747
